kind,time,x,y,yaw,vx,vy,wz,wall_time
cmd,105.262,0,0,0,0.0,0.0,0.0,1791561173.6405163
cmd,105.283,0,0,0,0.0,0.0,-0.012,1791561173.6613805
odom,105.28,0.10610209411715703,0.5500845330899256,3.1402683865162926,-3.78257125486239e-05,-6.885994428782508e-09,-0.0019962061919875074,1791561173.6788237
cmd,105.302,0,0,0,0.0,0.0,-0.024,1791561173.6813018
cmd,105.322,0,0,0,0.0,0.0,-0.036000000000000004,1791561173.7013643
cmd,105.343,0,0,0,0.0,0.0,-0.048,1791561173.721419
odom,105.32,0.10610362818920285,0.5500809674315614,3.1401995490188828,-3.786749843959721e-05,-3.4677734505932147e-08,-0.003996251533861074,1791561173.7293959
cmd,105.36200000000001,0,0,0,0.0,0.0,-0.06,1791561173.7412589
cmd,105.38300000000001,0,0,0,0.0,0.0,-0.072,1791561173.761438
odom,105.36,0.10610522812128108,0.5500768459256187,3.13999416633627,-3.78038130123184e-05,-3.969727841884111e-08,-0.009270229927859046,1791561173.7785544
cmd,105.402,0,0,0,0.0,0.0,-0.08399999999999999,1791561173.7814257
cmd,105.42200000000001,0,0,0,0.0,0.0,-0.09599999999999999,1791561173.8013015
cmd,105.44300000000001,0,0,0,0.0,0.0,-0.10799999999999998,1791561173.821473
odom,105.44,0.10610795119921687,0.5500723687257838,3.13782096742829,-3.7634734608932156e-05,-4.0618876891914683e-08,-0.05105946763477472,1791561173.8287156
cmd,105.46300000000001,0,0,0,0.0,0.0,-0.11999999999999998,1791561173.841329
cmd,105.483,0,0,0,0.0,0.0,-0.13199999999999998,1791561173.8614507
odom,105.48,0.10610896214129882,0.550072919167113,3.135298675079275,-3.75480680498313e-05,-4.055663179341234e-08,-0.07590024680452317,1791561173.878544
cmd,105.503,0,0,0,0.0,0.0,-0.144,1791561173.8817654
cmd,105.52300000000001,0,0,0,0.0,0.0,-0.15539999999999998,1791561173.9014096
cmd,105.543,0,0,0,0.0,0.0,-0.16799999999999998,1791561173.9213746
odom,105.52,0.10610972489979593,0.5500754418553331,3.1317644384198005,-3.746148222079067e-05,-4.046884723358799e-08,-0.10042144285812588,1791561173.9285512
cmd,105.563,0,0,0,0.0,0.0,-0.18,1791561173.9414318
cmd,105.58300000000001,0,0,0,0.0,0.0,-0.192,1791561173.9613836
odom,105.56,0.10611026840690538,0.5500796970732127,3.1271459501798082,-3.737507425994913e-05,-4.0376555295970986e-08,-0.1290278777606371,1791561173.9788377
cmd,105.60300000000001,0,0,0,0.0,0.0,-0.20400000000000001,1791561173.981693
cmd,105.622,0,0,0,0.0,0.0,-0.21600000000000003,1791561174.0013433
cmd,105.643,0,0,0,0.0,0.0,-0.22800000000000004,1791561174.0213294
odom,105.64,0.1061106452526653,0.5500938153347721,3.1147985960442153,-3.720284707851024e-05,-4.019072589634366e-08,-0.17556988376472948,1791561174.0285006
cmd,105.66300000000001,0,0,0,0.0,0.0,-0.24000000000000005,1791561174.0413291
cmd,105.683,0,0,0,0.0,0.0,-0.25200000000000006,1791561174.061395
odom,105.68,0.10611047931841958,0.5501036625652879,3.1071275599850523,-3.711703082375257e-05,-4.009802449416858e-08,-0.20196179088721744,1791561174.078552
cmd,105.703,0,0,0,0.0,0.0,-0.26400000000000007,1791561174.0814745
cmd,105.72300000000001,0,0,0,0.0,0.0,-0.2760000000000001,1791561174.1014707
cmd,105.74300000000001,0,0,0,0.0,0.0,-0.2880000000000001,1791561174.1214273
odom,105.72,0.10610736069033778,0.5501374801302444,3.0977637423927504,-3.703141249348184e-05,-4.0005531654966414e-08,-0.24132214731268442,1791561174.1286514
cmd,105.762,0,0,0,0.0,0.0,-0.3000000000000001,1791561174.1413243
cmd,105.783,0,0,0,0.0,0.0,-0.3120000000000001,1791561174.161642
odom,105.76,0.10610408589673191,0.5501724861909774,3.0869191938939142,-3.694599165136658e-05,-3.991325125853741e-08,-0.27313160719949503,1791561174.178514
cmd,105.80300000000001,0,0,0,0.0,0.0,-0.3240000000000001,1791561174.181439
cmd,105.82300000000001,0,0,0,0.0,0.0,-0.33540000000000014,1791561174.2017252
cmd,105.84200000000001,0,0,0,0.0,0.0,-0.34800000000000014,1791561174.22131
odom,105.84,0.10610338917505187,0.550194570682789,3.063282161066809,-3.677574062237036e-05,-3.9729328346143955e-08,-0.3100830366204619,1791561174.2285278
cmd,105.86200000000001,0,0,0,0.0,0.0,-0.36000000000000015,1791561174.2413428
cmd,105.88300000000001,0,0,0,0.0,0.0,-0.37200000000000016,1791561174.2614465
odom,105.88,0.10610281956658442,0.5502072625864682,3.0501278538478154,-3.669090952839417e-05,-3.9637685027583915e-08,-0.33573829955614815,1791561174.2787864
cmd,105.902,0,0,0,0.0,0.0,-0.3840000000000002,1791561174.2812998
cmd,105.923,0,0,0,0.0,0.0,-0.3960000000000002,1791561174.3013906
cmd,105.94200000000001,0,0,0,0.0,0.0,-0.4080000000000002,1791561174.321338
odom,105.92,0.10610210433987877,0.5502210273046348,3.0358974706051036,-3.660627411131048e-05,-3.9546253151982506e-08,-0.36153390566911453,1791561174.3286633
cmd,105.96300000000001,0,0,0,0.0,0.0,-0.4200000000000002,1791561174.3414392
cmd,105.983,0,0,0,0.0,0.0,-0.4320000000000002,1791561174.3613212
odom,105.96,0.1061012428936891,0.5502358586643022,3.020615302008018,-3.652183391979902e-05,-3.9455032240353846e-08,-0.38553208562661206,1791561174.3786871
cmd,106.003,0,0,0,0.0,0.0,-0.44400000000000023,1791561174.3816228
cmd,106.02300000000001,0,0,0,0.0,0.0,-0.45600000000000024,1791561174.4017339
cmd,106.043,0,0,0,0.0,0.0,-0.46800000000000025,1791561174.4214182
odom,106.04,0.10609575217542418,0.5502957422683151,2.9857587629859914,-3.635353741331701e-05,-3.9273221370991475e-08,-0.43730893348796995,1791561174.4287148
cmd,106.063,0,0,0,0.0,0.0,-0.48000000000000026,1791561174.4413605
cmd,106.08200000000001,0,0,0,0.0,0.0,-0.49200000000000027,1791561174.461382
odom,106.08,0.10609474805524681,0.5503112795317687,2.967272668885526,-3.6269680200872665e-05,-3.9182630436492246e-08,-0.46243631456404005,1791561174.4786882
cmd,106.10300000000001,0,0,0,0.0,0.0,-0.5040000000000002,1791561174.4817731
cmd,106.123,0,0,0,0.0,0.0,-0.5160000000000002,1791561174.5014725
cmd,106.14200000000001,0,0,0,0.0,0.0,-0.5280000000000002,1791561174.5213718
odom,106.12,0.10609002039854415,0.5503568935285487,2.9463748667200074,-3.6186016419038555e-05,-3.909224851545924e-08,-0.49936507542099423,1791561174.5285559
cmd,106.16300000000001,0,0,0,0.0,0.0,-0.5400000000000003,1791561174.5413926
cmd,106.183,0,0,0,0.0,0.0,-0.5520000000000003,1791561174.5613744
odom,106.16,0.10608910128651097,0.5503713537848058,2.9254487563395486,-3.610254562164906e-05,-3.9002075141329355e-08,-0.5180503034122684,1791561174.5785782
cmd,106.203,0,0,0,0.0,0.0,-0.5640000000000003,1791561174.5815115
cmd,106.22300000000001,0,0,0,0.0,0.0,-0.5754000000000002,1791561174.6013513
cmd,106.24300000000001,0,0,0,0.0,0.0,-0.5880000000000003,1791561174.6214416
odom,106.24,0.10608378389160247,0.5504278293433772,2.8790030135073588,-3.593618120071611e-05,-3.88223520725483e-08,-0.5686264412055826,1791561174.628517
cmd,106.263,0,0,0,0.0,0.0,-0.6,1791561174.6414027
cmd,106.283,0,0,0,0.0,0.0,-0.6,1791561174.6614463
odom,106.28,0.10608295220053085,0.5504408494359109,2.8550739275628647,-3.5853286690004416e-05,-3.8732801407233006e-08,-0.5901253396749169,1791561174.6786373
cmd,106.30300000000001,0,0,0,0.0,0.0,-0.6,1791561174.6818902
cmd,106.32300000000001,0,0,0,0.0,0.0,-0.6,1791561174.701392
cmd,106.343,0,0,0,0.0,0.0,-0.6,1791561174.7214475
odom,106.32,0.10608208451457542,0.5504538774420967,2.8300570393972846,-3.577058338936857e-05,-3.864345737057787e-08,-0.6179073071351293,1791561174.728503
cmd,106.363,0,0,0,0.0,0.0,-0.6,1791561174.7414336
cmd,106.38300000000001,0,0,0,0.0,0.0,-0.6,1791561174.761407
odom,106.36,0.10608116954071636,0.5504669804043718,2.8039709295901076,-3.568807085789724e-05,-3.85543194129931e-08,-0.6371019907577152,1791561174.7789853
cmd,106.403,0,0,0,0.0,0.0,-0.6,1791561174.781437
cmd,106.424,0,0,0,0.0,0.0,-0.6,1791561174.8023593
cmd,106.44300000000001,0,0,0,0.0,0.0,-0.6,1791561174.8216164
odom,106.44,0.10607946914795033,0.5504911121552095,2.750254692090901,-3.5523616343164364e-05,-3.8376659842363606e-08,-0.6484151004637473,1791561174.8285809
cmd,106.46300000000001,0,0,0,0.0,0.0,-0.6,1791561174.8415751
cmd,106.483,0,0,0,0.0,0.0,-0.6,1791561174.8613966
odom,106.48,0.10607873522686781,0.5505016841946093,2.7231132888411302,-3.544167348290108e-05,-3.8288137264631674e-08,-0.6496452028309351,1791561174.8785224
cmd,106.503,0,0,0,0.0,0.0,-0.6,1791561174.8816648
cmd,106.52300000000001,0,0,0,0.0,0.0,-0.6,1791561174.9016328
cmd,106.543,0,0,0,0.0,0.0,-0.6,1791561174.9214087
odom,106.52,0.10607808127805061,0.5505112192128033,2.6959121837963416,-3.535991963774456e-05,-3.81998188661447e-08,-0.6500483772660272,1791561174.9284785
cmd,106.56200000000001,0,0,0,0.0,0.0,-0.6,1791561174.9413397
cmd,106.58300000000001,0,0,0,0.0,0.0,-0.6,1791561174.961676
odom,106.56,0.1060774930757693,0.5505198184578715,2.668740632716837,-3.527835437170553e-05,-3.811170417564118e-08,-0.6468277931226613,1791561174.978554
cmd,106.60300000000001,0,0,0,0.0,0.0,-0.6,1791561174.9817438
cmd,106.623,0,0,0,0.0,0.0,-0.6,1791561175.001461
cmd,106.643,0,0,0,0.0,0.0,-0.6,1791561175.0214086
odom,106.64,0.10607474437499755,0.5505482610637079,2.612113245859293,-3.5115787838145855e-05,-3.793608403084308e-08,-0.6460248389362266,1791561175.0286713
cmd,106.662,0,0,0,0.0,0.0,-0.6,1791561175.0413332
cmd,106.683,0,0,0,0.0,0.0,-0.6,1791561175.0613678
odom,106.68,0.10607443377723343,0.5505533088720794,2.585212756914805,-3.503478570372005e-05,-3.7848577629255414e-08,-0.6454873864889079,1791561175.0786865
cmd,106.70200000000001,0,0,0,0.0,0.0,-0.6,1791561175.081425
cmd,106.72300000000001,0,0,0,0.0,0.0,-0.6,1791561175.101587
cmd,106.74300000000001,0,0,0,0.0,0.0,-0.6,1791561175.121389
odom,106.72,0.10607268747958776,0.550569253917928,2.5558003816842803,-3.495397041457135e-05,-3.7761273065055546e-08,-0.6496924114436973,1791561175.128636
cmd,106.763,0,0,0,0.0,0.0,-0.6,1791561175.1413426
cmd,106.783,0,0,0,0.0,0.0,-0.6,1791561175.161458
odom,106.76,0.10607251302493662,0.5505722780469624,2.528911940493475,-3.48733415397274e-05,-3.7674169856962425e-08,-0.6508663606333038,1791561175.1787894
cmd,106.80300000000001,0,0,0,0.0,0.0,-0.6,1791561175.181438
cmd,106.822,0,0,0,0.0,0.0,-0.6,1791561175.2015867
cmd,106.843,0,0,0,0.0,0.0,-0.6,1791561175.221381
odom,106.84,0.10607098730804072,0.5505860894419509,2.47304359437015,-3.471264131408062e-05,-3.750056567185798e-08,-0.6447478127943486,1791561175.228659
cmd,106.86300000000001,0,0,0,0.0,0.0,-0.6,1791561175.2417185
cmd,106.88300000000001,0,0,0,0.0,0.0,-0.6,1791561175.2613351
odom,106.88,0.10607081745822367,0.5505876274997332,2.4465321102114173,-3.463256910631347e-05,-3.741406376132103e-08,-0.6416897947623253,1791561175.2785666
cmd,106.903,0,0,0,0.0,0.0,-0.6,1791561175.2814243
cmd,106.923,0,0,0,0.0,0.0,-0.6,1791561175.301453
cmd,106.94300000000001,0,0,0,0.0,0.0,-0.6,1791561175.321331
odom,106.92,0.10606968643022535,0.5505960392227326,2.417452964540793,-3.455268159892143e-05,-3.7327761356663507e-08,-0.6463258196671071,1791561175.3285441
cmd,106.96300000000001,0,0,0,0.0,0.0,-0.6,1791561175.3413572
cmd,106.983,0,0,0,0.0,0.0,-0.6,1791561175.3613558
odom,106.96,0.10606950784646534,0.5505966345898055,2.3909381513464663,-3.44729783658726e-05,-3.724165800271976e-08,-0.6476446756591372,1791561175.378577
cmd,107.003,0,0,0,0.0,0.0,-0.6,1791561175.3819432
cmd,107.02300000000001,0,0,0,0.0,0.0,-0.6,1791561175.401651
cmd,107.043,0,0,0,0.0,0.0,-0.6,1791561175.4214163
odom,107.04,0.10606899693609545,0.5505975252770202,2.337678151996629,-3.431412302366634e-05,-3.707004658995819e-08,-0.6482286809584487,1791561175.428725
cmd,107.063,0,0,0,0.0,0.0,-0.6,1791561175.4414234
cmd,107.084,0,0,0,0.0,0.0,-0.6,1791561175.462357
odom,107.08,0.10606801884114836,0.5506025276462828,2.3084591795780964,-3.4234970067368486e-05,-3.6984537610497565e-08,-0.648050409939721,1791561175.478703
cmd,107.10300000000001,0,0,0,0.0,0.0,-0.6,1791561175.4815252
cmd,107.123,0,0,0,0.0,0.0,-0.6,1791561175.5018828
cmd,107.143,0,0,0,0.0,0.0,-0.6,1791561175.5214462
odom,107.12,0.10606768578180459,0.5506022626511291,2.281966866805101,-3.415599969113929e-05,-3.689922584983484e-08,-0.6477872922567425,1791561175.5285122
cmd,107.16300000000001,0,0,0,0.0,0.0,-0.6,1791561175.5414324
cmd,107.183,0,0,0,0.0,0.0,-0.6,1791561175.5614338
odom,107.16,0.10606729161980845,0.5506019507727204,2.2554612779835654,-3.4077211473863275e-05,-3.681411084162041e-08,-0.6456100673447117,1791561175.5785177
cmd,107.203,0,0,0,0.0,0.0,-0.6,1791561175.5816214
cmd,107.22300000000001,0,0,0,0.0,0.0,-0.6,1791561175.6015759
cmd,107.24300000000001,0,0,0,0.0,0.0,-0.6,1791561175.621665
odom,107.24,0.1060663193550367,0.5506011537149379,2.2024738209443218,-3.392017983647899e-05,-3.66444692819544e-08,-0.6463577781991318,1791561175.6286545
cmd,107.263,0,0,0,0.0,0.0,-0.6,1791561175.641619
cmd,107.283,0,0,0,0.0,0.0,-0.6,1791561175.6613507
odom,107.28,0.10606531559464848,0.5506035103650461,2.1733003504946744,-3.384193557897091e-05,-3.6559941824175315e-08,-0.6457610737446662,1791561175.6785634
cmd,107.30300000000001,0,0,0,0.0,0.0,-0.6,1791561175.681427
cmd,107.32300000000001,0,0,0,0.0,0.0,-0.6,1791561175.701449
cmd,107.343,0,0,0,0.0,0.0,-0.6,1791561175.7213578
odom,107.32,0.10606431532574284,0.5506052524915385,2.144286791945258,-3.3763871805584506e-05,-3.647560931375649e-08,-0.6484832362386704,1791561175.7285488
cmd,107.36300000000001,0,0,0,0.0,0.0,-0.6,1791561175.7413807
cmd,107.38300000000001,0,0,0,0.0,0.0,-0.6,1791561175.7614017
odom,107.36,0.10606367464062111,0.5506041291852374,2.117920644453955,-3.3685988100022824e-05,-3.639147129086888e-08,-0.6491744049783502,1791561175.778693
cmd,107.403,0,0,0,0.0,0.0,-0.6,1791561175.7814715
cmd,107.423,0,0,0,0.0,0.0,-0.6,1791561175.8015263
cmd,107.44300000000001,0,0,0,0.0,0.0,-0.6,1791561175.8214471
odom,107.44,0.10606218410810078,0.5506018533245703,2.065214719819309,-3.353075923197144e-05,-3.6223776942297765e-08,-0.6444843433585568,1791561175.8285506
cmd,107.46300000000001,0,0,0,0.0,0.0,-0.6,1791561175.8414903
cmd,107.483,0,0,0,0.0,0.0,-0.6,1791561175.8617785
odom,107.48,0.10606133596220105,0.5506006777898911,2.038773970745174,-3.345341324169476e-05,-3.614021971414635e-08,-0.6462000887647448,1791561175.8785396
cmd,107.503,0,0,0,0.0,0.0,-0.6,1791561175.8815534
cmd,107.52300000000001,0,0,0,0.0,0.0,-0.6,1791561175.9014618
cmd,107.543,0,0,0,0.0,0.0,-0.6,1791561175.9214418
odom,107.52,0.10606014357535427,0.5506010220995388,2.009628617391405,-3.33762456636598e-05,-3.6056855188290944e-08,-0.6507282394978892,1791561175.9285069
cmd,107.563,0,0,0,0.0,0.0,-0.6,1791561175.9416208
cmd,107.58300000000001,0,0,0,0.0,0.0,-0.6,1791561175.9614205
odom,107.56,0.10605917981253693,0.5505996213248099,1.9831022185647773,-3.329925608632026e-05,-3.597368292012071e-08,-0.6520117414734015,1791561175.9786043
cmd,107.60300000000001,0,0,0,0.0,0.0,-0.6,1791561175.9814227
cmd,107.623,0,0,0,0.0,0.0,-0.6,1791561176.001517
cmd,107.643,0,0,0,0.0,0.0,-0.6,1791561176.0214336
odom,107.64,0.10605681050450819,0.5505979162128635,1.9276261494094895,-3.314580929242875e-05,-3.580791338199749e-08,-0.6427391492890647,1791561176.0286543
cmd,107.66300000000001,0,0,0,0.0,0.0,-0.6,1791561176.0413637
cmd,107.683,0,0,0,0.0,0.0,-0.6,1791561176.061356
odom,107.68,0.10605564794041872,0.550596362220099,1.9015128609037346,-3.306935125757228e-05,-3.57253152310449e-08,-0.6410027114195825,1791561176.0786967
cmd,107.703,0,0,0,0.0,0.0,-0.6,1791561176.0815032
cmd,107.72300000000001,0,0,0,0.0,0.0,-0.6,1791561176.101484
cmd,107.74300000000001,0,0,0,0.0,0.0,-0.6,1791561176.121394
odom,107.72,0.10605420591901794,0.550595743718521,1.8727931560913207,-3.2993069586833976e-05,-3.5642907568614015e-08,-0.6418853556396629,1791561176.1285741
cmd,107.763,0,0,0,0.0,0.0,-0.6,1791561176.1414003
cmd,107.783,0,0,0,0.0,0.0,-0.6,1791561176.1614287
odom,107.76,0.1060529104373951,0.5505940990380562,1.8467443634579386,-3.291696387339705e-05,-3.5560689951609667e-08,-0.6419744391051504,1791561176.1786842
cmd,107.80300000000001,0,0,0,0.0,0.0,-0.6,1791561176.181753
cmd,107.82300000000001,0,0,0,0.0,0.0,-0.6,1791561176.2014096
cmd,107.843,0,0,0,0.0,0.0,-0.6,1791561176.2214031
odom,107.84,0.10604992174696341,0.5505915080936034,1.7918913220488744,-3.276527869598906e-05,-3.539682311589759e-08,-0.6420875167224147,1791561176.2286534
cmd,107.86300000000001,0,0,0,0.0,0.0,-0.6,1791561176.241418
cmd,107.88300000000001,0,0,0,0.0,0.0,-0.6,1791561176.2613807
odom,107.88,0.10604841825028777,0.5505898018549058,1.765800425164267,-3.268969842310112e-05,-3.531517302415917e-08,-0.6424621358817533,1791561176.2786849
cmd,107.903,0,0,0,0.0,0.0,-0.6,1791561176.2814937
cmd,107.92200000000001,0,0,0,0.0,0.0,-0.6,1791561176.3013687
cmd,107.94300000000001,0,0,0,0.0,0.0,-0.6,1791561176.3214147
odom,107.92,0.10604684324555294,0.5505880980172129,1.7395725974795457,-3.261429248971773e-05,-3.523371121918372e-08,-0.6446869571911644,1791561176.3285413
cmd,107.96300000000001,0,0,0,0.0,0.0,-0.6,1791561176.3414063
cmd,107.983,0,0,0,0.0,0.0,-0.6,1791561176.3614092
odom,107.96,0.10604519732775783,0.5505863926238052,1.7131814549078934,-3.253906049370517e-05,-3.5152437302008426e-08,-0.6470995760983613,1791561176.3787153
cmd,108.003,0,0,0,0.0,0.0,-0.6,1791561176.3815236
cmd,108.02300000000001,0,0,0,0.0,0.0,-0.6,1791561176.4017417
cmd,108.043,0,0,0,0.0,0.0,-0.6,1791561176.4214444
odom,108.04,0.10604169431917158,0.5505829730248835,1.6601375935645795,-3.238911670993945e-05,-3.499045130561493e-08,-0.6480313209933433,1791561176.4285216
cmd,108.063,0,0,0,0.0,0.0,-0.6,1791561176.4414253
cmd,108.08300000000001,0,0,0,0.0,0.0,-0.6,1791561176.4614682
odom,108.08,0.10603983849885638,0.5505812579295596,1.6334796243362852,-3.231440412258341e-05,-3.490973837506202e-08,-0.649048579627075,1791561176.478633
cmd,108.102,0,0,0,0.0,0.0,-0.6,1791561176.4816635
cmd,108.122,0,0,0,0.0,0.0,-0.6,1791561176.5013962
cmd,108.143,0,0,0,0.0,0.0,-0.6,1791561176.5214012
odom,108.12,0.10603791321292313,0.5505795422303189,1.6068417214229316,-3.2239863873333396e-05,-3.4829211587317e-08,-0.6443579332904884,1791561176.5286648
cmd,108.16300000000001,0,0,0,0.0,0.0,-0.6,1791561176.541603
cmd,108.183,0,0,0,0.0,0.0,-0.6,1791561176.5614192
odom,108.16,0.10603578159563945,0.5505781334995172,1.5776913626032876,-3.216549556472241e-05,-3.4748870501828263e-08,-0.6459424789421458,1791561176.5787375
cmd,108.203,0,0,0,0.0,0.0,-0.6,1791561176.5816398
cmd,108.22300000000001,0,0,0,0.0,0.0,-0.6,1791561176.6016164
cmd,108.24300000000001,0,0,0,0.0,0.0,-0.6,1791561176.6213875
odom,108.24,0.10603146794703386,0.5505749193212245,1.5225740500007658,-3.2017273183885874e-05,-3.4588743748046944e-08,-0.6425160495640306,1791561176.6285872
cmd,108.263,0,0,0,0.0,0.0,-0.6,1791561176.641393
cmd,108.283,0,0,0,0.0,0.0,-0.6,1791561176.6615298
odom,108.28,0.10602927873725687,0.5505731796033146,1.496257649067414,-3.194341832122978e-05,-3.4508957221306665e-08,-0.6472217571470957,1791561176.6787329
cmd,108.30300000000001,0,0,0,0.0,0.0,-0.6,1791561176.681439
cmd,108.32300000000001,0,0,0,0.0,0.0,-0.6,1791561176.7014763
cmd,108.343,0,0,0,0.0,0.0,-0.6,1791561176.721414
odom,108.32,0.10602702235695445,0.5505714541869803,1.4697953483667954,-3.186973381830518e-05,-3.442935470182332e-08,-0.6462588838977625,1791561176.7286153
cmd,108.36300000000001,0,0,0,0.0,0.0,-0.6,1791561176.7414033
cmd,108.38300000000001,0,0,0,0.0,0.0,-0.6,1791561176.7613783
odom,108.36,0.1060246991851995,0.5505697437999673,1.4433063467665441,-3.179621928217565e-05,-3.4349935752550514e-08,-0.6455279483164374,1791561176.7787144
cmd,108.403,0,0,0,0.0,0.0,-0.6,1791561176.7814631
cmd,108.423,0,0,0,0.0,0.0,-0.6,1791561176.801392
cmd,108.44300000000001,0,0,0,0.0,0.0,-0.6,1791561176.8214052
odom,108.44,0.10601985667543921,0.5505663720905238,1.3900759474499393,-3.164969854300504e-05,-3.4191646888524915e-08,-0.647019238912578,1791561176.828536
cmd,108.46300000000001,0,0,0,0.0,0.0,-0.6,1791561176.841392
cmd,108.483,0,0,0,0.0,0.0,-0.6,1791561176.861454
odom,108.48,0.10601733891273098,0.550564713906536,1.3633972116483495,-3.1576691558603606e-05,-3.4112776134819445e-08,-0.6474641513444008,1791561176.8786051
cmd,108.503,0,0,0,0.0,0.0,-0.6,1791561176.8816576
cmd,108.52300000000001,0,0,0,0.0,0.0,-0.6,1791561176.9015017
cmd,108.543,0,0,0,0.0,0.0,-0.6,1791561176.9213712
odom,108.52,0.10601475835600134,0.5505630759331137,1.3366129370037472,-3.150385297824278e-05,-3.403408726295865e-08,-0.6509648700514097,1791561176.9286149
cmd,108.563,0,0,0,0.0,0.0,-0.6,1791561176.94154
cmd,108.58300000000001,0,0,0,0.0,0.0,-0.6,1791561176.961664
odom,108.56,0.10601211590192529,0.5505614601543888,1.3097487960494256,-3.143118241349813e-05,-3.3955579869240534e-08,-0.6500218995632625,1791561176.978545
cmd,108.60300000000001,0,0,0,0.0,0.0,-0.6,1791561176.981439
cmd,108.62400000000001,0,0,0,0.0,0.0,-0.6,1791561177.0024216
cmd,108.643,0,0,0,0.0,0.0,-0.6,1791561177.0213706
odom,108.64,0.10600653806269587,0.550558408447245,1.2534966809182346,-3.128634378154574e-05,-3.379910780398585e-08,-0.6506473909889497,1791561177.0285091
cmd,108.66300000000001,0,0,0,0.0,0.0,-0.6,1791561177.041451
cmd,108.683,0,0,0,0.0,0.0,-0.6,1791561177.0614226
odom,108.68,0.10600371841080139,0.5505568637248958,1.2267952539979985,-3.1214174941947e-05,-3.3721142313003715e-08,-0.6511613369962376,1791561177.07865
cmd,108.70200000000001,0,0,0,0.0,0.0,-0.6,1791561177.0813725
cmd,108.72300000000001,0,0,0,0.0,0.0,-0.6,1791561177.1017697
cmd,108.74300000000001,0,0,0,0.0,0.0,-0.6,1791561177.1215904
odom,108.72,0.10600084042624783,0.5505553505757821,1.2001802470297163,-3.114217257315632e-05,-3.364335661685542e-08,-0.6433722681333668,1791561177.1285803
cmd,108.763,0,0,0,0.0,0.0,-0.6,1791561177.1413927
cmd,108.783,0,0,0,0.0,0.0,-0.6,1791561177.161429
odom,108.76,0.10599790460616974,0.5505538707905748,1.17369501462968,-3.107033629118282e-05,-3.356575031089449e-08,-0.6420739822405952,1791561177.1785846
cmd,108.802,0,0,0,0.0,0.0,-0.6,1791561177.1815503
cmd,108.82300000000001,0,0,0,0.0,0.0,-0.6,1791561177.2015197
cmd,108.843,0,0,0,0.0,0.0,-0.6,1791561177.221405
odom,108.84,0.1059918665373668,0.5505510163179947,1.120379141058023,-3.092716045624601e-05,-3.341107420654778e-08,-0.6490397007499229,1791561177.2285202
cmd,108.86300000000001,0,0,0,0.0,0.0,-0.6,1791561177.2414012
cmd,108.88300000000001,0,0,0,0.0,0.0,-0.6,1791561177.2614377
odom,108.88,0.10598866536297469,0.5505497195455961,1.0910123914796586,-3.085582013973468e-05,-3.333400358725883e-08,-0.647905624628263,1791561177.2788165
cmd,108.903,0,0,0,0.0,0.0,-0.6,1791561177.2814121
cmd,108.923,0,0,0,0.0,0.0,-0.6,1791561177.301453
cmd,108.94300000000001,0,0,0,0.0,0.0,-0.6,1791561177.3217475
odom,108.92,0.10598551636468496,0.5505483836998971,1.0644320633985862,-3.0784644382970304e-05,-3.325711070146472e-08,-0.6473277941508168,1791561177.328731
cmd,108.96300000000001,0,0,0,0.0,0.0,-0.6,1791561177.341445
cmd,108.983,0,0,0,0.0,0.0,-0.6,1791561177.3614078
odom,108.96,0.10598231667309989,0.5505470891293798,1.0378336379863686,-3.0713632806396126e-05,-3.3180395151202435e-08,-0.6463035088166048,1791561177.3787284
cmd,109.003,0,0,0,0.0,0.0,-0.6,1791561177.3823104
cmd,109.02300000000001,0,0,0,0.0,0.0,-0.6,1791561177.4015956
cmd,109.043,0,0,0,0.0,0.0,-0.6,1791561177.4214354
odom,109.04,0.10597577016187415,0.5505446296879286,0.9844602300746778,-3.057210067988292e-05,-3.3027494404496336e-08,-0.6485093694852156,1791561177.4285164
cmd,109.063,0,0,0,0.0,0.0,-0.6,1791561177.4414046
cmd,109.08300000000001,0,0,0,0.0,0.0,-0.6,1791561177.4614081
odom,109.08,0.10597242621077507,0.5505434676263028,0.9576997500706996,-3.0501579375167415e-05,-3.295130839654143e-08,-0.6475383728769339,1791561177.4786074
cmd,109.102,0,0,0,0.0,0.0,-0.6,1791561177.4814165
cmd,109.122,0,0,0,0.0,0.0,-0.6,1791561177.5014474
cmd,109.143,0,0,0,0.0,0.0,-0.6,1791561177.521498
odom,109.12,0.10596903686964596,0.550542352664664,0.9309691755500253,-3.043122074107785e-05,-3.287529809046871e-08,-0.6451267692156673,1791561177.5285957
cmd,109.16300000000001,0,0,0,0.0,0.0,-0.6,1791561177.5414212
cmd,109.183,0,0,0,0.0,0.0,-0.6,1791561177.561403
odom,109.16,0.1059656036656105,0.5505412861319365,0.9042593908079688,-3.0361024402428337e-05,-3.279946308548517e-08,-0.6447560445318531,1791561177.5786152
cmd,109.203,0,0,0,0.0,0.0,-0.6,1791561177.5815783
cmd,109.22300000000001,0,0,0,0.0,0.0,-0.6,1791561177.6015792
cmd,109.24300000000001,0,0,0,0.0,0.0,-0.6,1791561177.6214325
odom,109.24,0.10595861304135186,0.5505393026791281,0.8505745952741961,-3.0221117114862385e-05,-3.264831734574895e-08,-0.6504531917082081,1791561177.628677
cmd,109.263,0,0,0,0.0,0.0,-0.6,1791561177.6413913
cmd,109.283,0,0,0,0.0,0.0,-0.6,1791561177.6614292
odom,109.28,0.10595505884789204,0.5505383881994195,0.8236392014577646,-3.01514054198465e-05,-3.257300580786538e-08,-0.6473493842168169,1791561177.678728
cmd,109.30300000000001,0,0,0,0.0,0.0,-0.6,1791561177.6815534
cmd,109.32300000000001,0,0,0,0.0,0.0,-0.6,1791561177.701488
cmd,109.343,0,0,0,0.0,0.0,-0.6,1791561177.7215426
odom,109.32,0.10595146736586573,0.5505375269797377,0.796739239135364,-3.0081854528029255e-05,-3.249786795969214e-08,-0.6480067763357437,1791561177.7284987
cmd,109.36300000000001,0,0,0,0.0,0.0,-0.6,1791561177.7415762
cmd,109.38300000000001,0,0,0,0.0,0.0,-0.6,1791561177.7614002
odom,109.36,0.10594784049689643,0.5505367199296682,0.7697848418898574,-3.0012464068496924e-05,-3.2422903405341784e-08,-0.6494808678097805,1791561177.7785292
cmd,109.403,0,0,0,0.0,0.0,-0.6,1791561177.781798
cmd,109.423,0,0,0,0.0,0.0,-0.6,1791561177.801596
cmd,109.44300000000001,0,0,0,0.0,0.0,-0.6,1791561177.821434
odom,109.44,0.10594040568868526,0.5505353379404956,0.7135358764136752,-2.987416296699506e-05,-3.227349254850778e-08,-0.6470008638980619,1791561177.8286467
cmd,109.46300000000001,0,0,0,0.0,0.0,-0.6,1791561177.8414304
cmd,109.483,0,0,0,0.0,0.0,-0.6,1791561177.8614135
odom,109.48,0.10593668478617278,0.5505346994266611,0.686806754048324,-2.9805251587474476e-05,-3.21990454753593e-08,-0.6482987265603132,1791561177.878616
cmd,109.503,0,0,0,0.0,0.0,-0.6,1791561177.8815827
cmd,109.52300000000001,0,0,0,0.0,0.0,-0.6,1791561177.9019113
cmd,109.543,0,0,0,0.0,0.0,-0.6,1791561177.9214356
odom,109.52,0.10593293534311383,0.5505341188403083,0.6600266415197331,-2.9736499165153264e-05,-3.2124770083129896e-08,-0.6478895072270842,1791561177.928701
cmd,109.563,0,0,0,0.0,0.0,-0.6,1791561177.9413898
cmd,109.58300000000001,0,0,0,0.0,0.0,-0.6,1791561177.9614427
odom,109.56,0.10592915877302096,0.5505335974218338,0.6332428796397505,-2.96679053333826e-05,-3.205066600600462e-08,-0.6469192160002646,1791561177.9787502
cmd,109.602,0,0,0,0.0,0.0,-0.6,1791561177.981389
cmd,109.623,0,0,0,0.0,0.0,-0.6,1791561178.0017474
cmd,109.643,0,0,0,0.0,0.0,-0.6,1791561178.02158
odom,109.64,0.10592153124357818,0.5505327354013217,0.5796691364009003,-2.953119197915459e-05,-3.1902970171803496e-08,-0.6470633784334822,1791561178.0288036
cmd,109.66300000000001,0,0,0,0.0,0.0,-0.6,1791561178.0414283
cmd,109.683,0,0,0,0.0,0.0,-0.6,1791561178.0615637
odom,109.68,0.10591768415603102,0.5505323959938541,0.5527887324688878,-2.946307172761034e-05,-3.182937763864747e-08,-0.6487488431740722,1791561178.0786033
cmd,109.70200000000001,0,0,0,0.0,0.0,-0.6,1791561178.0813782
cmd,109.72300000000001,0,0,0,0.0,0.0,-0.6,1791561178.1014736
cmd,109.74300000000001,0,0,0,0.0,0.0,-0.6,1791561178.1214252
odom,109.72,0.10591381731375808,0.5505321185182938,0.5258617796987982,-2.9395108608464628e-05,-3.1755954836248684e-08,-0.6484658819417792,1791561178.12867
cmd,109.763,0,0,0,0.0,0.0,-0.6,1791561178.1414073
cmd,109.783,0,0,0,0.0,0.0,-0.6,1791561178.161419
odom,109.76,0.10590993242893476,0.5505319037260555,0.49895592103253206,-2.932730225927257e-05,-3.168270136787904e-08,-0.6466980720410505,1791561178.1785963
cmd,109.80300000000001,0,0,0,0.0,0.0,-0.6,1791561178.1815994
cmd,109.82300000000001,0,0,0,0.0,0.0,-0.6,1791561178.2014172
cmd,109.843,0,0,0,0.0,0.0,-0.6,1791561178.221427
odom,109.84,0.10590211604404186,0.550531664146387,0.4451498259449367,-2.9192158425174686e-05,-3.153670090646472e-08,-0.6452230309746557,1791561178.2285151
cmd,109.86300000000001,0,0,0,0.0,0.0,-0.588,1791561178.2414248
cmd,109.88300000000001,0,0,0,0.0,0.0,-0.5782443822170645,1791561178.2614267
odom,109.88,0.10589818805580938,0.5505316404798536,0.4183191134101838,-2.9124820219559238e-05,-3.146395312918196e-08,-0.6431227045292002,1791561178.2785244
cmd,109.903,0,0,0,0.0,0.0,-0.5662443822170645,1791561178.2815523
cmd,109.923,0,0,0,0.0,0.0,-0.5542443822170645,1791561178.301683
cmd,109.94300000000001,0,0,0,0.0,0.0,-0.5422443822170645,1791561178.3214078
odom,109.92,0.10589424927525753,0.5505316814714586,0.39153990072093275,-2.905763734252731e-05,-3.139137316452638e-08,-0.6411731423423735,1791561178.3291874
cmd,109.96300000000001,0,0,0,0.0,0.0,-0.5302443822170645,1791561178.3414285
cmd,109.983,0,0,0,0.0,0.0,-0.5182443822170645,1791561178.361462
odom,109.96,0.1058903021880297,0.5505317864272847,0.36502190198821793,-2.8990609435802637e-05,-3.131896064515758e-08,-0.6294185599605099,1791561178.3785717
cmd,110.003,0,0,0,0.0,0.0,-0.5062443822170645,1791561178.3814516
cmd,110.02300000000001,0,0,0,0.0,0.0,-0.49424438221706446,1791561178.4016151
cmd,110.043,0,0,0,0.0,0.0,-0.48224438221706445,1791561178.4214108
odom,110.04,0.10588234688416899,0.550532252566399,0.31264021512606543,-2.885701710418772e-05,-3.117463646407804e-08,-0.5808528676675232,1791561178.428513
cmd,110.063,0,0,0,0.0,0.0,-0.47024438221706444,1791561178.4414163
cmd,110.08300000000001,0,0,0,0.0,0.0,-0.4582443822170644,1791561178.461397
odom,110.08,0.10587839243308973,0.5505325385032835,0.2890471325896971,-2.8790451966831095e-05,-3.110272402148371e-08,-0.5571685495045363,1791561178.4785378
cmd,110.10300000000001,0,0,0,0.0,0.0,-0.4462443822170644,1791561178.4817612
cmd,110.123,0,0,0,0.0,0.0,-0.4342443822170644,1791561178.5017695
cmd,110.143,0,0,0,0.0,0.0,-0.4222443822170644,1791561178.5214846
odom,110.12,0.10587440247080508,0.55053294281852,0.2646525670807778,-2.872404037483804e-05,-3.1030977518451137e-08,-0.5268957831607399,1791561178.528709
cmd,110.16300000000001,0,0,0,0.0,0.0,-0.4102443822170644,1791561178.5413983
cmd,110.183,0,0,0,0.0,0.0,-0.3982443822170644,1791561178.5614107
odom,110.16,0.10587045505200679,0.5505333368731566,0.243331503662231,-2.8657781974068824e-05,-3.095939655762295e-08,-0.5100683258753487,1791561178.5785427
cmd,110.203,0,0,0,0.0,0.0,-0.38624438221706436,1791561178.5815086
cmd,110.22300000000001,0,0,0,0.0,0.0,-0.37424438221706435,1791561178.6014223
cmd,110.24300000000001,0,0,0,0.0,0.0,-0.36224438221706434,1791561178.6213982
odom,110.24,0.1058625786524393,0.5505342713423889,0.20358008952725593,-2.8525723333501035e-05,-3.0816729763610605e-08,-0.4568387954358817,1791561178.6285617
cmd,110.263,0,0,0,0.0,0.0,-0.35024438221706433,1791561178.641648
cmd,110.283,0,0,0,0.0,0.0,-0.3382443822170643,1791561178.66155
odom,110.28,0.10585862769470561,0.5505348595081863,0.18415165480870763,-2.845992238945604e-05,-3.074564316543107e-08,-0.4196682913103718,1791561178.6785588
cmd,110.30300000000001,0,0,0,0.0,0.0,-0.3262443822170643,1791561178.6815264
cmd,110.32300000000001,0,0,0,0.0,0.0,-0.3142443822170643,1791561178.7016191
cmd,110.343,0,0,0,0.0,0.0,-0.3022443822170643,1791561178.7215428
odom,110.32,0.10585469018507127,0.5505354868869774,0.16624882508304717,-2.8394273228070404e-05,-3.0674720596845744e-08,-0.3931798663103635,1791561178.7286322
cmd,110.36300000000001,0,0,0,0.0,0.0,-0.2902443822170643,1791561178.7414172
cmd,110.38300000000001,0,0,0,0.0,0.0,-0.27824438221706427,1791561178.7613945
odom,110.36,0.10585076682212483,0.5505361500577696,0.14971720160966528,-2.8328775499241257e-05,-3.060396168995965e-08,-0.3609857443213669,1791561178.7786686
cmd,110.403,0,0,0,0.0,0.0,-0.26624438221706426,1791561178.7813797
cmd,110.423,0,0,0,0.0,0.0,-0.25424438221706425,1791561178.8015063
cmd,110.44300000000001,0,0,0,0.0,0.0,-0.24224438221706424,1791561178.8214133
odom,110.44,0.10584299792686006,0.5505374877396121,0.12179575561667377,-2.8198232942881215e-05,-3.046293331505914e-08,-0.32611847782918174,1791561178.828544
cmd,110.46300000000001,0,0,0,0.0,0.0,-0.23024438221706423,1791561178.8414114
cmd,110.483,0,0,0,0.0,0.0,-0.21824438221706421,1791561178.8614197
odom,110.48,0.10583913393618567,0.55053820238747,0.10900447985731754,-2.8133187419158572e-05,-3.0392663111311824e-08,-0.3036075453908084,1791561178.8785684
cmd,110.503,0,0,0,0.0,0.0,-0.2062443822170642,1791561178.881481
cmd,110.52300000000001,0,0,0,0.0,0.0,-0.1942443822170642,1791561178.9014268
cmd,110.543,0,0,0,0.0,0.0,-0.18224438221706418,1791561178.921453
odom,110.52,0.10583528468140843,0.5505389440399187,0.09714761658067594,-2.8068291935629767e-05,-3.032255504927045e-08,-0.28111217279146133,1791561178.9285433
cmd,110.563,0,0,0,0.0,0.0,-0.17024438221706417,1791561178.9415536
cmd,110.58300000000001,0,0,0,0.0,0.0,-0.15824438221706416,1791561178.9613802
odom,110.56,0.1058314505912494,0.5505397102498846,0.08639571902263565,-2.800354614620955e-05,-3.0252608770995945e-08,-0.24940342955856368,1791561178.978513
cmd,110.60300000000001,0,0,0,0.0,0.0,-0.14624438221706415,1791561178.981427
cmd,110.623,0,0,0,0.0,0.0,-0.13424438221706414,1791561179.001503
cmd,110.643,0,0,0,0.0,0.0,-0.12224438221706414,1791561179.0213907
odom,110.64,0.10582382989548807,0.5505413050171647,0.06820257858779266,-2.787450226933853e-05,-3.011320005682054e-08,-0.20039650144967908,1791561179.0285904
cmd,110.66300000000001,0,0,0,0.0,0.0,-0.11024438221706415,1791561179.04139
cmd,110.683,0,0,0,0.0,0.0,-0.09824438221706415,1791561179.0614402
odom,110.68,0.10582004409451977,0.5505421273736555,0.060602528243979055,-2.7810203493692593e-05,-3.0043736865962886e-08,-0.17716580070835303,1791561179.0786753
cmd,110.703,0,0,0,0.0,0.0,-0.08624438221706415,1791561179.0814362
cmd,110.72300000000001,0,0,0,0.0,0.0,-0.07424438221706416,1791561179.1014326
cmd,110.74300000000001,0,0,0,0.0,0.0,-0.06224438221706416,1791561179.1213882
odom,110.72,0.10581627499933668,0.5505429626879564,0.054042112720392055,-2.7746053035779776e-05,-2.997443397122821e-08,-0.1498235828455437,1791561179.1285908
cmd,110.763,0,0,0,0.0,0.0,-0.0530870140964845,1791561179.1414468
cmd,110.783,0,0,0,0.0,0.0,-0.0531201950525132,1791561179.1614015
odom,110.76,0.10581252269716593,0.5505438086111133,0.04865756865852645,-2.7682050553481604e-05,-2.990529100314588e-08,-0.1194546956169521,1791561179.1786907
cmd,110.80300000000001,0,0,0,0.0,0.0,-0.05408707650075374,1791561179.1813922
cmd,110.82300000000001,0,0,0,0.0,0.0,-0.05411702673034531,1791561179.2020004
cmd,110.843,0,0,0,0.0,0.0,-0.05414697695993689,1791561179.2213445
odom,110.84,0.10580506935091678,0.5505455196908672,0.040897210520439486,-2.7554488151216417e-05,-2.9767483315484657e-08,-0.07475372548796687,1791561179.2285094
cmd,110.86300000000001,0,0,0,0.0,0.0,-0.05584896587123393,1791561179.2414176
cmd,110.88300000000001,0,0,0,0.0,0.0,-0.05587425988594265,1791561179.2614374
odom,110.88,0.10580136829693222,0.5505463805223115,0.038211853601711976,-2.7490927550962032e-05,-2.969881781734929e-08,-0.06399540320474706,1791561179.2785184
cmd,110.903,0,0,0,0.0,0.0,-0.05482971303191756,1791561179.2814546
cmd,110.923,0,0,0,0.0,0.0,-0.05485339583247504,1791561179.3014462
cmd,110.94300000000001,0,0,0,0.0,0.0,-0.05487707863303253,1791561179.32142
odom,110.92,0.10579768398956695,0.5505472438971118,0.035820059397353,-2.7427513565746333e-05,-2.963031069672218e-08,-0.06010639157869724,1791561179.3287215
cmd,110.96300000000001,0,0,0,0.0,0.0,-0.05195525085833868,1791561179.341445
cmd,110.983,0,0,0,0.0,0.0,-0.051977498582373556,1791561179.3614078
odom,110.96,0.10579401454421726,0.5505481181552171,0.033437082601518675,-2.7364245857394926e-05,-2.9561961609097635e-08,-0.056887571883246765,1791561179.3786948
cmd,111.003,0,0,0,0.0,0.0,-0.048835545181236804,1791561179.381606
cmd,111.02300000000001,0,0,0,0.0,0.0,-0.048856363119194175,1791561179.4016411
cmd,111.043,0,0,0,0.0,0.0,-0.048877181057151546,1791561179.4214265
odom,111.04,0.10578672854356079,0.5505498570459323,0.029051377684083505,-2.723814792241955e-05,-2.942573605559777e-08,-0.056762935601654074,1791561179.4286022
cmd,111.063,0,0,0,0.0,0.0,-0.04104472141933259,1791561179.4413803
cmd,111.08300000000001,0,0,0,0.0,0.0,-0.0410629079343395,1791561179.4613607
odom,111.08,0.10578311027375654,0.5505507291792191,0.026791020941691723,-2.7175317023319322e-05,-2.9357858869935426e-08,-0.05871275093371473,1791561179.4785504
cmd,111.10300000000001,0,0,0,0.0,0.0,-0.03632866073277454,1791561179.481502
cmd,111.123,0,0,0,0.0,0.0,-0.036345491033736015,1791561179.5014844
cmd,111.143,0,0,0,0.0,0.0,-0.036362321334697495,1791561179.5214212
odom,111.12,0.10577950848446195,0.5505516026512921,0.024559859937367978,-2.7112631056119938e-05,-2.9290138280601227e-08,-0.05507309102332714,1791561179.5286486
cmd,111.16300000000001,0,0,0,0.0,0.0,-0.03363560409990929,1791561179.5414624
cmd,111.183,0,0,0,0.0,0.0,-0.03365109570426817,1791561179.561387
odom,111.16,0.1057759232233734,0.5505524768077773,0.022524184499771227,-2.7050089686519747e-05,-2.9222573905048837e-08,-0.04920400716474425,1791561179.5785873
cmd,111.203,0,0,0,0.0,0.0,-0.032055329466194354,1791561179.5820634
cmd,111.22300000000001,0,0,0,0.0,0.0,-0.032069599665290674,1791561179.6014795
cmd,111.24300000000001,0,0,0,0.0,0.0,-0.032083869864387,1791561179.621472
odom,111.24,0.10576880204433338,0.5505542254667259,0.01899758306635091,-2.6925439406746127e-05,-2.908791235871692e-08,-0.040169914703784046,1791561179.6287966
cmd,111.263,0,0,0,0.0,0.0,-0.02891007388380277,1791561179.6413505
cmd,111.283,0,0,0,0.0,0.0,-0.02892222812203904,1791561179.6614435
odom,111.28,0.10576526585195879,0.5505551000305072,0.01753856435237955,-2.6863329831823234e-05,-2.9020814478337153e-08,-0.03557056687182046,1791561179.6786919
cmd,111.30300000000001,0,0,0,0.0,0.0,-0.027917045005085732,1791561179.681439
cmd,111.32300000000001,0,0,0,0.0,0.0,-0.027928323832093614,1791561179.7014701
cmd,111.343,0,0,0,0.0,0.0,-0.027939602659101503,1791561179.721477
odom,111.32,0.10576174584456734,0.5505559742451258,0.016168762695208283,-2.680136352497972e-05,-2.8953871370869767e-08,-0.0356899322650632,1791561179.7285066
cmd,111.36300000000001,0,0,0,0.0,0.0,-0.025442638734571858,1791561179.7414317
cmd,111.38300000000001,0,0,0,0.0,0.0,-0.025453095680585444,1791561179.7614582
odom,111.36,0.10575824196701135,0.5505568476223269,0.014856800764633693,-2.6739540155748393e-05,-2.888708268904147e-08,-0.03251812116582293,1791561179.7785523
cmd,111.403,0,0,0,0.0,0.0,-0.02421136785914052,1791561179.7816021
cmd,111.423,0,0,0,0.0,0.0,-0.024221037627995753,1791561179.8015804
cmd,111.44300000000001,0,0,0,0.0,0.0,-0.024230707396851,1791561179.8215468
odom,111.44,0.10575128228370623,0.5505585920239253,0.012493435540114728,-2.6616320912085985e-05,-2.8753967164697172e-08,-0.03003414996185514,1791561179.8286815
cmd,111.46300000000001,0,0,0,0.0,0.0,-0.020854291663826113,1791561179.8415923
cmd,111.483,0,0,0,0.0,0.0,-0.020862543413546642,1791561179.8614144
odom,111.48,0.1057478263675102,0.5505594624968565,0.011346168658783016,-2.6554924380513896e-05,-2.868763960364707e-08,-0.02962668385503931,1791561179.8788788
cmd,111.503,0,0,0,0.0,0.0,-0.018947639554126833,1791561179.881759
cmd,111.52300000000001,0,0,0,0.0,0.0,-0.018955202943718562,1791561179.9017696
cmd,111.543,0,0,0,0.0,0.0,-0.01896276633331029,1791561179.9214625
odom,111.52,0.10574438591645942,0.5505603349154009,0.010247827964408705,-2.6493669472304625e-05,-2.8621465056508024e-08,-0.025625210490645155,1791561179.9287117
cmd,111.563,0,0,0,0.0,0.0,-0.018393173146149595,1791561179.9414856
cmd,111.58300000000001,0,0,0,0.0,0.0,-0.0184000775313247,1791561179.9615943
odom,111.56,0.10574096167523822,0.5505612025896044,0.00930396156227875,-2.643255586079265e-05,-2.8555443160880646e-08,-0.02376927079984702,1791561179.9786465
cmd,111.60300000000001,0,0,0,0.0,0.0,-0.017357034964603953,1791561179.981466
cmd,111.623,0,0,0,0.0,0.0,-0.017363373029937783,1791561180.001765
cmd,111.643,0,0,0,0.0,0.0,-0.017369711095271613,1791561180.021422
odom,111.64,0.10573416041007543,0.5505629318472396,0.007495433564002063,-2.631075122488236e-05,-2.8423855884003626e-08,-0.02168084309505746,1791561180.0285966
cmd,111.662,0,0,0,0.0,0.0,0.0,1791561180.0406566
cmd,111.682,0,0,0,0.0,0.0,0.0,1791561180.0606282
odom,111.68,0.10573078290803634,0.5505637964248682,0.006703331753063591,-2.6250059550916134e-05,-2.835828981575121e-08,-0.01868327266569604,1791561180.0787718
cmd,111.70200000000001,0,0,0,0.0,0.0,0.0,1791561180.080633
cmd,111.72200000000001,0,0,0,0.0,0.0,0.0,1791561180.1008384
cmd,111.742,0,0,0,0.0,0.0,0.0,1791561180.1206682
odom,111.72,0.10572742115026969,0.5505646567704954,0.006107478611212968,-2.6189507897623226e-05,-2.8292874877393407e-08,-0.012836388483977737,1791561180.1285603
cmd,111.762,0,0,0,0.0,0.0,0.0,1791561180.1406412
cmd,111.78200000000001,0,0,0,0.0,0.0,0.0,1791561180.1606493
odom,111.76,0.10572407495859724,0.5505655134232336,0.005801665804929801,-2.612909590001279e-05,-2.822761095785312e-08,-0.004626889424707015,1791561180.1786351
cmd,111.802,0,0,0,0.0,0.0,0.0,1791561180.1806405
cmd,111.822,0,0,0,0.0,0.0,0.0,1791561180.2006502
cmd,111.84200000000001,0,0,0,0.0,0.0,0.0,1791561180.2206335
odom,111.84,0.10571742880042459,0.5505672156765095,0.0057126022936855305,-2.6008689633033377e-05,-2.8097534454559776e-08,-0.0010410949831584633,1791561180.228707
cmd,111.86200000000001,0,0,0,0.0,0.0,0.0,1791561180.2406383
cmd,111.882,0,0,0,0.0,0.0,0.0,1791561180.2606366
odom,111.88,0.10571412867162348,0.5505680608313982,0.0056808898120848115,-2.5948694724889205e-05,-2.8032721155231828e-08,-0.003263470762233982,1791561180.2787905
cmd,111.902,0,0,0,0.0,0.0,0.0,1791561180.2806845
odom,111.92,0.1057108437361266,0.5505689020044312,0.005638538788170777,-2.5888838207060706e-05,-2.7968057360443936e-08,-0.0014793670200905179,1791561180.328584
odom,111.96,0.10570757392371999,0.5505697393998327,0.005643946818584933,-2.582911976034991e-05,-2.790354272612314e-08,-0.000893047492561951,1791561180.3785386
odom,112.04,0.10570107935789148,0.5505714028674777,0.005728423399323557,-2.571009580710885e-05,-2.777495956239084e-08,-0.0010627020284308924,1791561180.428564
odom,112.08,0.10569785449606411,0.5505722286046074,0.0056862351822783985,-2.5650789665822966e-05,-2.7710890347175724e-08,-0.0036896358735278947,1791561180.4787316
odom,112.12,0.10569464450511377,0.5505730502555334,0.005576426340019758,-2.559162032614293e-05,-2.764696892026694e-08,-0.004552127240060547,1791561180.5286443
odom,112.16,0.10569144931048129,0.5505738680340759,0.00547862589381376,-2.5532587472518832e-05,-2.7583194941416378e-08,-0.003158697966928079,1791561180.5785213
odom,112.24,0.10568510300102671,0.5505754925168408,0.005441829912991469,-2.541492996486874e-05,-2.7456087966855713e-08,-0.0024180274058121657,1791561180.628553
odom,112.28,0.1056819517641293,0.5505762989028002,0.005372321445906714,-2.5356304683373413e-05,-2.739275429348447e-08,-0.004132586884530096,1791561180.6787388
odom,112.32,0.10567881505695742,0.5505771013374322,0.005259939654664425,-2.529781463299169e-05,-2.7329566711921486e-08,-0.004695197958460253,1791561180.7285607
odom,112.36,0.10567569277576674,0.550577900330083,0.005261286487090899,-2.5239459501796157e-05,-2.7266524885701638e-08,0.0018243451427530865,1791561180.7784746
odom,112.44,0.10566949127727696,0.55057948746411,0.005324365519738361,-2.5123152752833843e-05,-2.7140877153685177e-08,-0.00536856340470831,1791561180.8287098
odom,112.48,0.10566641193884592,0.5505802751181574,0.005227269166141912,-2.5065200514801762e-05,-2.7078270578354784e-08,-0.002586960683715187,1791561180.8787084
odom,112.52,0.10566334678204864,0.5505810593053561,0.005213786098510198,-2.5007381955418858e-05,-2.7015808417626207e-08,-0.0012536350126703118,1791561180.9286525
odom,112.56,0.10566029573557714,0.5505818399480279,0.005235503505376826,-2.4949696766333576e-05,-2.6953490338849436e-08,-0.000815597907361757,1791561180.9785767
odom,112.64,0.10565423570444943,0.5505833905767097,0.0053175798291467125,-2.4834725269222e-05,-2.6829285096861562e-08,0.0027331078759167096,1791561181.0286434
odom,112.68,0.10565122658669432,0.5505841607734248,0.0054165988324230705,-2.4777438348051918e-05,-2.6767397272150893e-08,-0.000763846740258539,1791561181.0785227
odom,112.72,0.10564823130817151,0.5505849274116533,0.005483354911616001,-2.4720283570882562e-05,-2.6705652204228467e-08,0.0014385440379640325,1791561181.128659
odom,112.76,0.10564524981748248,0.5505856906047693,0.0055586744545879085,-2.466326063290701e-05,-2.664404956381491e-08,-0.00035238482410076557,1791561181.1785266
odom,112.84,0.1056393279676316,0.5505872060249762,0.005531598035385167,-2.45496090588172e-05,-2.652127025282151e-08,-0.004486524670552277,1791561181.2286756
odom,112.88,0.10563638748119587,0.5505879583914666,0.005496835512313947,-2.4492979816596438e-05,-2.6460092927187228e-08,0.00021495456592810543,1791561181.2786982
odom,112.92,0.10563346051918276,0.5505887077771667,0.005625446582829152,-2.4436481201349337e-05,-2.63990567196035e-08,0.0038542521686242975,1791561181.328529
odom,112.96,0.10563054701170203,0.5505894541143177,0.005845368599612044,-2.4380112911765746e-05,-2.6338161304755144e-08,0.005048590946318033,1791561181.3785186
odom,113.04,0.1056247601407872,0.5505909367104563,0.006159665385290668,-2.4267766107831894e-05,-2.6216791554447517e-08,0.002088949879993862,1791561181.4285421
odom,113.08,0.10562188666523786,0.5505916729053605,0.006246095131862362,-2.4211786994326467e-05,-2.615631657168695e-08,0.0006939640554843657,1791561181.4787369
odom,113.12,0.1056190264287079,0.5505924055198503,0.006246261538449537,-2.4155937008182797e-05,-2.6095981086890487e-08,-0.0022786778761340575,1791561181.5286996
odom,113.16,0.10561617937490216,0.5505931345128154,0.0061684697444630565,-2.4100215851547834e-05,-2.6035784778353047e-08,-0.003255043912016709,1791561181.5786104
odom,113.24,0.10561052455438918,0.5505945825582995,0.006119583600519009,-2.398915883883739e-05,-2.591580840624584e-08,-0.00034038915361490484,1791561181.6295586
odom,113.28,0.10560771666414985,0.5505953016593572,0.006135598118031549,-2.3933822390487486e-05,-2.585602770303193e-08,-0.0005226002379638764,1791561181.678572
odom,113.32,0.10560492170584364,0.5505960174610335,0.006154147586452385,-2.3878613587100797e-05,-2.5796384896964102e-08,-0.00016360957116122682,1791561181.7286367
odom,113.36,0.10560213963283652,0.5505967297135764,0.006095357101013388,-2.3823532134241014e-05,-2.573687966911476e-08,-0.004654465227294757,1791561181.7786388
odom,113.44,0.10559661388611999,0.5505981440718456,0.005950265734802063,-2.371375010577698e-05,-2.561828067951656e-08,-0.0016033777436802277,1791561181.8286436
odom,113.48,0.10559387009394954,0.5505988463567657,0.00591477871419377,-2.3659048944696805e-05,-2.5559186285699353e-08,-0.0021930217093981694,1791561181.8788846
odom,113.52,0.10559113893816179,0.5505995454622453,0.005911903122894024,-2.3604473963195446e-05,-2.5500228205387242e-08,0.00012737500544495579,1791561181.9285457
odom,113.56,0.105588420358596,0.5506002415201454,0.005969931380326088,-2.3550024870219887e-05,-2.5441406124300483e-08,0.0008895322698753813,1791561181.9785445
odom,113.64,0.10558302071186752,0.5506016237684201,0.005979930250462839,-2.3441503188992936e-05,-2.5324168705034924e-08,0.0019402502212127477,1791561182.028809
odom,113.68,0.10558033952674535,0.5506023102523522,0.006028507853924836,-2.3387430021988976e-05,-2.526575274133493e-08,-0.0014483147412517978,1791561182.0785587
odom,113.72,0.10557767069255422,0.5506029934033985,0.0060102342926851016,-2.333348158600133e-05,-2.5207471526344642e-08,-0.0013047675037290958,1791561182.1286678
cmd,113.787,0,0,0,0.0,0.0,0.0,1791561182.1654747
odom,113.76,0.1055750141504931,0.5506036734773216,0.006019774737091144,-2.3279657593318115e-05,-2.5149324749383806e-08,-5.731203402917912e-07,1791561182.1787128
odom,113.84,0.10556973772503318,0.5506050241399608,0.006010864003974881,-2.3172381790342736e-05,-2.5033433269250855e-08,-0.0016580185683219414,1791561182.2285638
odom,113.88,0.10556711772455699,0.5506056948769396,0.006034590111008597,-2.3118929407940587e-05,-2.497568794757159e-08,0.0011402934267212344,1791561182.2786791
odom,113.92,0.10556450979972537,0.5506063623755786,0.006013429016186844,-2.3065600324621066e-05,-2.4918075827716314e-08,-0.004225267093861145,1791561182.3285604
odom,113.96,0.10556191388624993,0.550607026718145,0.005969742885900686,-2.3012394255979808e-05,-2.4860596601980536e-08,0.000297067246245565,1791561182.3787887
odom,114.04,0.10555675788542566,0.5506083462598423,0.00593874364937541,-2.290635002836354e-05,-2.474603560895145e-08,-8.083162178174626e-05,1791561182.428695
odom,114.08,0.10555419768119836,0.5506090016418582,0.005990319836354007,-2.2853511303849025e-05,-2.468895323032907e-08,0.000820939695019456,1791561182.4787292
odom,114.12,0.10555164927058311,0.5506096539808689,0.006024776226666529,-2.2800794462922924e-05,-2.463200252381645e-08,-0.00097810133238997,1791561182.528654
odom,114.16,0.10554911260047893,0.5506103031942866,0.006010996508934773,-2.2748199224440323e-05,-2.4575183186651315e-08,-0.0015692622242043698,1791561182.5785224
