point_id,x_m,y_m,yaw_deg
P01,0.0,0.0,0.0
P02,0.3518789451107292,0.0,0.0
P03,0.4991250695014871,-0.14724612439075788,-45.0
P04,0.529834157482244,-1.2995249953232941,-90.0
P05,0.9870160350483727,-1.311200258478562,0.0
P06,1.0170160350483726,-0.7823810385420719,90.0
P07,1.3550234073853702,-0.7823810385420719,90.0
P08,1.3550234073853702,-0.2583804040891572,90.0
P09,1.97,-0.2583804040891572,90.0
P10,1.97,0.5376209143926302,90.0
P11,1.499105068828838,0.5376209143926302,180.0
P12,1.499105068828838,0.2816671367685469,180.0
P13,0.9711047467614911,0.28166713676854693,180.0
P14,0.6546225628284905,0.5981493207015476,135.0
P15,0.09066257469445216,0.5981493207015477,180.0
